text,clean_text
Over 4 Million Americans Roll Up Sleeves For Omicron-Targeted COVID Boosters Health experts said it is too early to predict whether demand would match up with the 171 million doses of the new boosters the U.S. ordered for the fall.,over  million americans roll up sleeves for omicrontargeted covid boosters health experts said it is too early to predict whether demand would match up with the  million doses of the new boosters the us ordered for the fall
"American Airlines Flyer Charged, Banned For Life After Punching Flight Attendant On Video He was subdued by passengers and crew when he fled to the back of the aircraft after the confrontation, according to the U.S. attorney's office in Los Angeles.",american airlines flyer charged banned for life after punching flight attendant on video he was subdued by passengers and crew when he fled to the back of the aircraft after the confrontation according to the us attorneys office in los angeles
"23 Of The Funniest Tweets About Cats And Dogs This Week (Sept. 17-23) ""Until you have a dog you don't understand what could be eaten.""", of the funniest tweets about cats and dogs this week sept  until you have a dog you dont understand what could be eaten
"The Funniest Tweets From Parents This Week (Sept. 17-23) ""Accidentally put grown-up toothpaste on my toddler’s toothbrush and he screamed like I was cleaning his teeth with a Carolina Reaper dipped in Tabasco sauce.""",the funniest tweets from parents this week sept  accidentally put grownup toothpaste on my toddlers toothbrush and he screamed like i was cleaning his teeth with a carolina reaper dipped in tabasco sauce
Woman Who Called Cops On Black Bird-Watcher Loses Lawsuit Against Ex-Employer Amy Cooper accused investment firm Franklin Templeton of unfairly firing her and branding her a racist after video of the Central Park encounter went viral.,woman who called cops on black birdwatcher loses lawsuit against exemployer amy cooper accused investment firm franklin templeton of unfairly firing her and branding her a racist after video of the central park encounter went viral
"Cleaner Was Dead In Belk Bathroom For 4 Days Before Body Found: Police The 63-year-old woman was seen working at the South Carolina store on Thursday. She was found dead Monday after her family reported her missing, authorities said.",cleaner was dead in belk bathroom for  days before body found police the yearold woman was seen working at the south carolina store on thursday she was found dead monday after her family reported her missing authorities said
"Reporter Gets Adorable Surprise From Her Boyfriend While Live On TV ""Who's that behind you?"" an anchor for New York’s PIX11 asked journalist Michelle Ross as she finished up an interview.",reporter gets adorable surprise from her boyfriend while live on tv whos that behind you an anchor for new yorks pix asked journalist michelle ross as she finished up an interview
Puerto Ricans Desperate For Water After Hurricane Fiona’s Rampage More than half a million people remained without water service three days after the storm lashed the U.S. territory.,puerto ricans desperate for water after hurricane fionas rampage more than half a million people remained without water service three days after the storm lashed the us territory
"How A New Documentary Captures The Complexity Of Being A Child Of Immigrants In ""Mija,"" director Isabel Castro combined music documentaries with the style of ""Euphoria"" and ""Clueless"" to tell a more nuanced immigration story.",how a new documentary captures the complexity of being a child of immigrants in mija director isabel castro combined music documentaries with the style of euphoria and clueless to tell a more nuanced immigration story
Biden At UN To Call Russian War An Affront To Body's Charter White House officials say the crux of the president's visit to the U.N. this year will be a full-throated condemnation of Russia and its brutal war.,biden at un to call russian war an affront to bodys charter white house officials say the crux of the presidents visit to the un this year will be a fullthroated condemnation of russia and its brutal war
World Cup Captains Want To Wear Rainbow Armbands In Qatar FIFA has come under pressure from several European soccer federations who want to support a human rights campaign against discrimination at the World Cup.,world cup captains want to wear rainbow armbands in qatar fifa has come under pressure from several european soccer federations who want to support a human rights campaign against discrimination at the world cup
"Man Sets Himself On Fire In Apparent Protest Of Funeral For Japan's Abe The incident underscores a growing wave of protests against the funeral for Shinzo Abe, who was one of the most divisive leaders in postwar Japanese politics.",man sets himself on fire in apparent protest of funeral for japans abe the incident underscores a growing wave of protests against the funeral for shinzo abe who was one of the most divisive leaders in postwar japanese politics
Fiona Threatens To Become Category 4 Storm Headed To Bermuda Hurricane Fiona lashed the Turks and Caicos Islands and was forecast to squeeze past Bermuda later this week.,fiona threatens to become category  storm headed to bermuda hurricane fiona lashed the turks and caicos islands and was forecast to squeeze past bermuda later this week
"Twitch Bans Gambling Sites After Streamer Scams Folks Out Of $200,000 One man's claims that he scammed people on the platform caused several popular streamers to consider a Twitch boycott.",twitch bans gambling sites after streamer scams folks out of  one mans claims that he scammed people on the platform caused several popular streamers to consider a twitch boycott
"Virginia Thomas Agrees To Interview With Jan. 6 Panel Conservative activist Virginia Thomas, the wife of Supreme Court Justice Clarence Thomas, has agreed to participate in a voluntary interview with the House panel investigating the Jan. 6 insurrection.",virginia thomas agrees to interview with jan  panel conservative activist virginia thomas the wife of supreme court justice clarence thomas has agreed to participate in a voluntary interview with the house panel investigating the jan  insurrection
"Russian Cosmonaut Valery Polyakov Who Broke Record With 437-Day Stay In Space Dies At 80 Polyakov's record-breaking trip to outer space saw him orbit Earth 7,075 times and travel nearly 187 million miles.",russian cosmonaut valery polyakov who broke record with day stay in space dies at  polyakovs recordbreaking trip to outer space saw him orbit earth  times and travel nearly  million miles
"'Reboot' Is A Clever And Not Too Navel-Gazey Look Inside TV Reboots Starring Keegan-Michael Key, Judy Greer and Johnny Knoxville, the Hulu show follows the revival of a fictional early 2000s sitcom.",reboot is a clever and not too navelgazey look inside tv reboots starring keeganmichael key judy greer and johnny knoxville the hulu show follows the revival of a fictional early s sitcom
"Maury Wills, Base-Stealing Shortstop For Dodgers, Dies At 89 Maury Wills, who helped the Los Angeles Dodgers win three World Series titles with his base-stealing prowess, has died.",maury wills basestealing shortstop for dodgers dies at  maury wills who helped the los angeles dodgers win three world series titles with his basestealing prowess has died
4 Russian-Controlled Ukrainian Regions Schedule Votes This Week To Join Russia The concerted and quickening Kremlin-backed efforts to swallow up four regions could set the stage for Moscow to escalate the war., russiancontrolled ukrainian regions schedule votes this week to join russia the concerted and quickening kremlinbacked efforts to swallow up four regions could set the stage for moscow to escalate the war
Fiona Barrels Toward Turks And Caicos Islands As Category 3 Hurricane The Turks and Caicos Islands government imposed a curfew as the intensifying storm kept dropping copious rain over the Dominican Republic and Puerto Rico.,fiona barrels toward turks and caicos islands as category  hurricane the turks and caicos islands government imposed a curfew as the intensifying storm kept dropping copious rain over the dominican republic and puerto rico
"Golden Globes Returning To NBC In January After Year Off-Air For the past 18 months, Hollywood has effectively boycotted the Globes after reports that the HFPA’s 87 members of non-American journalists included no Black members.",golden globes returning to nbc in january after year offair for the past  months hollywood has effectively boycotted the globes after reports that the hfpas  members of nonamerican journalists included no black members
Biden Says U.S. Forces Would Defend Taiwan If China Invaded President issues vow as tensions with China rise.,biden says us forces would defend taiwan if china invaded president issues vow as tensions with china rise
"Hurricane Fiona Bears Down On Dominican Republic After Pounding Puerto Rico The storm knocked out the power grid and unleashed floods and landslides in Puerto Rico, where the governor said the damage was “catastrophic.”",hurricane fiona bears down on dominican republic after pounding puerto rico the storm knocked out the power grid and unleashed floods and landslides in puerto rico where the governor said the damage was catastrophic
"One Dead After Plane Crashes At Reno Air Race The single-engine plane was participating in the National Championship Air Races on Sunday when it crashed into a field, killing the pilot, officials said.",one dead after plane crashes at reno air race the singleengine plane was participating in the national championship air races on sunday when it crashed into a field killing the pilot officials said
‘Beautiful And Sad At The Same Time’: Ukrainian Cultural Festival Takes On A Deeper Meaning This Year An annual celebration took on a different feel as Russia's invasion dragged into Day 206.,beautiful and sad at the same time ukrainian cultural festival takes on a deeper meaning this year an annual celebration took on a different feel as russias invasion dragged into day 
"Family Of American Held In Afghanistan Says He Was Freed By Taliban In Prisoner Swap Mark Frerichs, a Navy veteran and civilian contractor, was kidnapped in Afghanistan in January 2020.",family of american held in afghanistan says he was freed by taliban in prisoner swap mark frerichs a navy veteran and civilian contractor was kidnapped in afghanistan in january 
"Las Vegas Aces Win First WNBA Title, Chelsea Gray Named MVP Las Vegas never had a professional sports champion — until Sunday.",las vegas aces win first wnba title chelsea gray named mvp las vegas never had a professional sports champion  until sunday
World Leaders Pay Respects To Queen Elizabeth II President Joe Biden and first lady Jill Biden were among thousands of mourners — from locals and tourists to royals and world leaders — to pay their respects.,world leaders pay respects to queen elizabeth ii president joe biden and first lady jill biden were among thousands of mourners  from locals and tourists to royals and world leaders  to pay their respects
"James Cameron Says He 'Clashed' With Studio Before 'Avatar' Release The ""Avatar"" director said aspects of his 2009 movie are ""still competitive with everything that’s out there these days.""",james cameron says he clashed with studio before avatar release the avatar director said aspects of his  movie are still competitive with everything thats out there these days
"'French Spider-Man' Celebrates 60th Birthday With A Massive Skyscraper Climb Alain Robert, known as the ""French Spider-Man,"" has climbed the Burj Khalifa and the Empire State Building.",french spiderman celebrates th birthday with a massive skyscraper climb alain robert known as the french spiderman has climbed the burj khalifa and the empire state building
"Biden Says Queen's Death Left 'Giant Hole' For Royal Family U.S. President Joe Biden, in London for the funeral of Queen Elizabeth II, says his heart went out to the royal family, adding the queen’s death left a “giant hole.”.",biden says queens death left giant hole for royal family us president joe biden in london for the funeral of queen elizabeth ii says his heart went out to the royal family adding the queens death left a giant hole
"Watchdog Report Finds Some Census Takers Who Fudged 2020 Data Didn’t Get Fired Despite entering false information, their work wasn't redone fully and in some cases the census takers received bonuses, the Office of Inspector General reported.",watchdog report finds some census takers who fudged  data didnt get fired despite entering false information their work wasnt redone fully and in some cases the census takers received bonuses the office of inspector general reported
"First Public Global Database Of Fossil Fuels Launches On Monday, the world’s first public database of fossil fuel production, reserves and emissions launches.",first public global database of fossil fuels launches on monday the worlds first public database of fossil fuel production reserves and emissions launches
Man Charged With Exposing Himself To Mourners Waiting To View Queen Elizabeth The 19-year-old reportedly fled into the Thames in a failed bid to escape police.,man charged with exposing himself to mourners waiting to view queen elizabeth the yearold reportedly fled into the thames in a failed bid to escape police
"Alaska Prepares For 'Historic-Level' Storm Barreling Towards Coast “In 10 years, people will be referring to the September 2022 storm as a benchmark storm.”",alaska prepares for historiclevel storm barreling towards coast in  years people will be referring to the september  storm as a benchmark storm
Puerto Rico Braces For Landslides And Severe Flooding As Tropical Storm Fiona Approaches Puerto Rico was under a hurricane watch Saturday as the storm barreled towards the U.S. territory.,puerto rico braces for landslides and severe flooding as tropical storm fiona approaches puerto rico was under a hurricane watch saturday as the storm barreled towards the us territory
"WHO Raises Alarm On Disease In Flood-hit Areas Of Pakistan The World Health Organization is raising the alarm about a “second disaster” in the wake of the deadly floods in Pakistan this summer, as doctors and medical workers on the ground race to battle outbreaks of waterborne and other diseases.",who raises alarm on disease in floodhit areas of pakistan the world health organization is raising the alarm about a second disaster in the wake of the deadly floods in pakistan this summer as doctors and medical workers on the ground race to battle outbreaks of waterborne and other diseases
Privatization Isn’t The Answer To Jackson’s Water Crisis Studies have repeatedly shown that ending public administration of water supplies doesn’t work — but that’s now on the table in Mississippi.,privatization isnt the answer to jacksons water crisis studies have repeatedly shown that ending public administration of water supplies doesnt work  but thats now on the table in mississippi
"German Customs Officials Follow Trail Of Slime And Find Bags Of Giant Snails “Never in the history of the Duesseldorf customs office has a trail of slime led us to smuggled goods,” spokesman Michael Walk told the media.",german customs officials follow trail of slime and find bags of giant snails never in the history of the duesseldorf customs office has a trail of slime led us to smuggled goods spokesman michael walk told the media
Amazon Greenlights 'Blade Runner 2099' Limited Series Produced By Ridley Scott The director of the original 1982 film joins a writer of the 2017 sequel for the newest installment in the sci-fi franchise.,amazon greenlights blade runner  limited series produced by ridley scott the director of the original  film joins a writer of the  sequel for the newest installment in the scifi franchise
Bill To Help Afghans Who Escaped Taliban Faces Long Odds In The Senate Republican outrage over the shoddy U.S. withdrawal from Afghanistan hasn’t spurred support for resettling refugees.,bill to help afghans who escaped taliban faces long odds in the senate republican outrage over the shoddy us withdrawal from afghanistan hasnt spurred support for resettling refugees
Alabama Sidesteps Compensation For Survivor Of '63 KKK Blast Sarah Collins Rudolph lost an eye and has pieces of glass inside her body from a Ku Klux Klan bombing that killed her sister and three other Black girls inside an Alabama church 59 years ago.,alabama sidesteps compensation for survivor of  kkk blast sarah collins rudolph lost an eye and has pieces of glass inside her body from a ku klux klan bombing that killed her sister and three other black girls inside an alabama church  years ago
"Racism Seen As Root Of Water Crisis In Mississippi Capital A boil-water advisory has been lifted for Mississippi's capital, and the state will stop handing out free bottled water on Saturday.",racism seen as root of water crisis in mississippi capital a boilwater advisory has been lifted for mississippis capital and the state will stop handing out free bottled water on saturday
"'The Phantom Of The Opera' To Close On Broadway Next Year “The Phantom of the Opera” — Broadway’s longest-running show — is scheduled to close in February 2023, a victim of post-pandemic softening in theater attendance in New York.",the phantom of the opera to close on broadway next year the phantom of the opera  broadways longestrunning show  is scheduled to close in february  a victim of postpandemic softening in theater attendance in new york
"Mark Meadows Complies With Justice Dept. Subpoena: Report The former White House chief of staff has turned over records as part of a federal investigation into the Jan. 6, 2021 assault on the Capitol.",mark meadows complies with justice dept subpoena report the former white house chief of staff has turned over records as part of a federal investigation into the jan   assault on the capitol
"Meet Alex Aster, The TikToker Changing The Publishing Industry For The Better The Colombian-American author's new book ""Lightlark"" was rejected numerous times — until she went directly to her readers for support.",meet alex aster the tiktoker changing the publishing industry for the better the colombianamerican authors new book lightlark was rejected numerous times  until she went directly to her readers for support
"Chick-Fil-A Worker Saves Woman With Baby From Being Carjacked Mykel Gordon rushed to the woman's aid and held down her assailant until police arrived. Remarkably, this wasn't the first time Gordon may have saved a life.",chickfila worker saves woman with baby from being carjacked mykel gordon rushed to the womans aid and held down her assailant until police arrived remarkably this wasnt the first time gordon may have saved a life
Viola Davis Feared A Heart Attack During 'The Woman King' Training The Oscar winner said she worked out for five hours a day for her role in the new action movie.,viola davis feared a heart attack during the woman king training the oscar winner said she worked out for five hours a day for her role in the new action movie
"Kim Kardashian's Next Boyfriend Could Be A Biochemist The reality star told James Corden she's branching out because ""clearly it's not working, whatever I’m doing.""",kim kardashians next boyfriend could be a biochemist the reality star told james corden shes branching out because clearly its not working whatever im doing
Podcasters Offer $100K Reward For Information On 2Pac’s Killers The Las Vegas podcasters are hoping to find out who shot the rap icon 26 years ago.,podcasters offer k reward for information on pacs killers the las vegas podcasters are hoping to find out who shot the rap icon  years ago
"Cardi B Donates $100,000 To Her Old Middle School In The Bronx The Grammy-winning rapper surprised star-struck children at the Alexander Macomb School in Morris Heights to make the announcement.",cardi b donates  to her old middle school in the bronx the grammywinning rapper surprised starstruck children at the alexander macomb school in morris heights to make the announcement
"Bill Richardson Visits Moscow As Brittney Griner, Paul Whelan Remain Jailed Richardson, the former U.S. ambassador to the United Nations and a frequent emissary in hostage negotiations, held meetings with Russian leaders.",bill richardson visits moscow as brittney griner paul whelan remain jailed richardson the former us ambassador to the united nations and a frequent emissary in hostage negotiations held meetings with russian leaders
Emmy Awards Viewership Dips To A Record-Low As Its Audience Continues To Drop The television awards ceremony lost roughly 1.5 million viewers compared to its 2021 program.,emmy awards viewership dips to a recordlow as its audience continues to drop the television awards ceremony lost roughly  million viewers compared to its  program
"Possible Nationwide Rail Strike Is Already Impacting Travelers, Businesses White House press secretary Karine Jean-Pierre said a rail shutdown is ""not acceptable"" and would harm families as well as businesses.",possible nationwide rail strike is already impacting travelers businesses white house press secretary karine jeanpierre said a rail shutdown is not acceptable and would harm families as well as businesses
Democrats Nominate Seth Magaziner In Key Rhode Island House Race The state's general treasurer is slated to face former Cranston Mayor Allan Fung (R) in the general election.,democrats nominate seth magaziner in key rhode island house race the states general treasurer is slated to face former cranston mayor allan fung r in the general election
TikTok Search Results Riddled With Misinformation: Report A U.S. firm that monitors false online claims reports that searches for information about prominent news topics on TikTok are likely to turn up results riddled with misinformation.,tiktok search results riddled with misinformation report a us firm that monitors false online claims reports that searches for information about prominent news topics on tiktok are likely to turn up results riddled with misinformation
"U.S. Inflation Falls For 2nd Straight Month On Lower Gas Costs On a monthly basis, prices rose 0.1%, after a flat reading in July.",us inflation falls for nd straight month on lower gas costs on a monthly basis prices rose  after a flat reading in july
"Jean-Luc Godard, Pioneering French Filmmaker, Dies The director was best known for the groundbreaking movie ""Breathless.""",jeanluc godard pioneering french filmmaker dies the director was best known for the groundbreaking movie breathless
Thousands Of Minnesota Nurses Launch 3-day Strike Over Pay They're pressing for salary increases they say will help improve patient care by resolving understaffing stresses that have worsened in the pandemic.,thousands of minnesota nurses launch day strike over pay theyre pressing for salary increases they say will help improve patient care by resolving understaffing stresses that have worsened in the pandemic
"Joe Biden Urges National Unity In Speech On Renewed ‘Cancer Moonshot’ ""Cancer does not discriminate red and blue,"" the president said Monday. ""Beating cancer is something we can do together.""",joe biden urges national unity in speech on renewed cancer moonshot cancer does not discriminate red and blue the president said monday beating cancer is something we can do together
"Sen. Tim Scott Downplays Electability Concerns Over Struggling Senate GOP Candidates ""Who we have on the field is who we’re gonna play,” Scott told ""Fox News Sunday.""",sen tim scott downplays electability concerns over struggling senate gop candidates who we have on the field is who were gonna play scott told fox news sunday
Boston Marathon To Make Race More Inclusive For Nonbinary Runners The race's organizers say nonbinary athletes won't have to register with the men's or women's divisions and provided qualifying times to guide their training.,boston marathon to make race more inclusive for nonbinary runners the races organizers say nonbinary athletes wont have to register with the mens or womens divisions and provided qualifying times to guide their training
"Anthony Varvaro, MLB Pitcher Turned Transit Cop, Dies In Crash On Way To 9/11 Ceremony Varvaro pitched mostly with the Atlanta Braves and started his law enforcement career in 2016.",anthony varvaro mlb pitcher turned transit cop dies in crash on way to  ceremony varvaro pitched mostly with the atlanta braves and started his law enforcement career in 
Electability Is On The Ballot In Key Rhode Island House Primary Democrats in the state’s more moderate House district are deciding who will take on a popular Republican former mayor.,electability is on the ballot in key rhode island house primary democrats in the states more moderate house district are deciding who will take on a popular republican former mayor
"In A Nod To JFK, Joe Biden Pushing 'Moonshot' To Fight Cancer Biden plans to draw attention to a new federally backed study that seeks to validate using blood tests to screen against multiple cancers.",in a nod to jfk joe biden pushing moonshot to fight cancer biden plans to draw attention to a new federally backed study that seeks to validate using blood tests to screen against multiple cancers
"How Ani Liu Is Brilliantly Disguising Her Art As Science The research-based artist has found dynamic ways to confront conversations about female empowerment, motherhood and labor in her artwork.",how ani liu is brilliantly disguising her art as science the researchbased artist has found dynamic ways to confront conversations about female empowerment motherhood and labor in her artwork
"'Sidney' Tackles The Not-So-Comfortable Conversations About A Black Cinema Icon It’s not about sensationalizing or even tarnishing the reputation of Sidney Poitier. Rather, the new documentary honors his humanity — every facet of it.",sidney tackles the notsocomfortable conversations about a black cinema icon its not about sensationalizing or even tarnishing the reputation of sidney poitier rather the new documentary honors his humanity  every facet of it
"Carlos Alcaraz Wins U.S. Open For 1st Slam Title, Top Ranking Carlos Alcaraz defeated Casper Ruud in the U.S. Open final to earn his first Grand Slam at age 19 and become the youngest man to move up to No. 1 in the rankings.",carlos alcaraz wins us open for st slam title top ranking carlos alcaraz defeated casper ruud in the us open final to earn his first grand slam at age  and become the youngest man to move up to no  in the rankings
"Weather Helping, But Threat From Western Fires Persists Firefighters made progress against a huge Northern California wildfire that was still growing and threatening thousands of mountain homes.",weather helping but threat from western fires persists firefighters made progress against a huge northern california wildfire that was still growing and threatening thousands of mountain homes
"Biden Honors 9/11 Victims, Vows Commitment To Thwart Terror President Joe Biden has marked the 21st anniversary of the Sept. 11 attacks, taking part in a somber wreath-laying ceremony held at the Pentagon under a steady rain.",biden honors  victims vows commitment to thwart terror president joe biden has marked the st anniversary of the sept  attacks taking part in a somber wreathlaying ceremony held at the pentagon under a steady rain
9/11 Attacks Still Reverberate As U.S. Marks 21st Anniversary September 11th remains a point for reflection on the 2001 attacks that reconfigured national security policy and spurred a U.S. “war on terror” worldwide., attacks still reverberate as us marks st anniversary september th remains a point for reflection on the  attacks that reconfigured national security policy and spurred a us war on terror worldwide
"Last Reactor At Ukraine's Zaporizhzhia Nuclear Plant Stopped The plant, one of the 10 biggest atomic power stations in the world, has been occupied by Russian forces since early in the war, which marked its 200th day on Sunday.",last reactor at ukraines zaporizhzhia nuclear plant stopped the plant one of the  biggest atomic power stations in the world has been occupied by russian forces since early in the war which marked its th day on sunday
"Payment Processor Visa To Start Categorizing Sales At Gun Stores Visa’s adoption is significant as the largest payment network, and will likely add pressure for Mastercard and American Express to adopt the code as well.",payment processor visa to start categorizing sales at gun stores visas adoption is significant as the largest payment network and will likely add pressure for mastercard and american express to adopt the code as well
"US, Trump Team Propose Names For Arbiter In Mar-A-Lago Probe The Justice Department proposed two retired judges for the role. Trump’s team proposed a retired judge and a lawyer.",us trump team propose names for arbiter in maralago probe the justice department proposed two retired judges for the role trumps team proposed a retired judge and a lawyer
"James Cameron Presents New Scenes From 'Avatar: The Way Of Water' At D23 Expo The director told the audience he was ""super excited to be finally finishing up movie two"" — as he has three additional installments in the works.",james cameron presents new scenes from avatar the way of water at d expo the director told the audience he was super excited to be finally finishing up movie two  as he has three additional installments in the works
Russia Says It's Pulling Back Forces From Ukraine's Kharkiv Region Russia’s Defense Ministry announced that troops will be pulled back in two area where a Ukrainian counter offensive has made significant advances.,russia says its pulling back forces from ukraines kharkiv region russias defense ministry announced that troops will be pulled back in two area where a ukrainian counter offensive has made significant advances
"Severe Winds Batter Southern California As Heat Wave Breaks After a 10-day heat wave that nearly overwhelmed the electrical grid, Southern California got cooler weather but also a ferocious tropical storm.",severe winds batter southern california as heat wave breaks after a day heat wave that nearly overwhelmed the electrical grid southern california got cooler weather but also a ferocious tropical storm
Ukraine Claws Back Some Territory; Nuclear Plant In Peril Ukrainian forces are claiming new success in their counteroffensive against Russian forces in the east.,ukraine claws back some territory nuclear plant in peril ukrainian forces are claiming new success in their counteroffensive against russian forces in the east
"Watch Harry Styles Pay Tribute To Queen Elizabeth II At NYC Concert “Please join me in a round of applause for 70 years of service,” the pop star told the crowd after he paused his Madison Square Garden performance.",watch harry styles pay tribute to queen elizabeth ii at nyc concert please join me in a round of applause for  years of service the pop star told the crowd after he paused his madison square garden performance
Ex-Employee Testifies He Now Doubts R. Kelly Abuse Denials Derrell McDavid’s testimony could be a major blow to the R&B singer's hope of acquittal.,exemployee testifies he now doubts r kelly abuse denials derrell mcdavids testimony could be a major blow to the rb singers hope of acquittal
'Our Hearts Are Broken': Historic Front Pages Mark The Queen's Death Both British and international newspapers honor the passing of the U.K'.s longest-reigning monarch.,our hearts are broken historic front pages mark the queens death both british and international newspapers honor the passing of the uks longestreigning monarch
"JoJo Siwa To Receive Prestigious GLSEN Honor For Her LGBTQ Advocacy Work The 19-year-old singer, dancer and YouTube icon will receive the 2022 Gamechanger Award for her focus on anti-bullying efforts.",jojo siwa to receive prestigious glsen honor for her lgbtq advocacy work the yearold singer dancer and youtube icon will receive the  gamechanger award for her focus on antibullying efforts
"UN Chief Asks World For 'Massive' Help In Flood-Hit Pakistan Speaking from Islamabad, Antonio Guterres said countries bearing more responsibility for climate change ""should have faced this challenge.""",un chief asks world for massive help in floodhit pakistan speaking from islamabad antonio guterres said countries bearing more responsibility for climate change should have faced this challenge
"Politician's DNA Connected To Las Vegas Journalist’s Murder, Police Say Clark County Public Administrator Robert Telles was arrested in the fatal stabbing of Jeff German, who had been investigating his office.",politicians dna connected to las vegas journalists murder police say clark county public administrator robert telles was arrested in the fatal stabbing of jeff german who had been investigating his office
Michelle Obama Celebrated For Wearing Braids To Her White House Portrait Unveiling The internet ignited in approval over the former first lady's hairstyle choice for the monumental day.,michelle obama celebrated for wearing braids to her white house portrait unveiling the internet ignited in approval over the former first ladys hairstyle choice for the monumental day
"Norman Reedus Opens Up About 'Walking Dead' Injury: 'I Thought I Was Going To Die' The actor said he was so badly concussed while shooting the series finale that he feared for his life and was ""holding onto the walls"" while recovering.",norman reedus opens up about walking dead injury i thought i was going to die the actor said he was so badly concussed while shooting the series finale that he feared for his life and was holding onto the walls while recovering
"Michigan Supreme Court Revives Abortion Rights Amendment For November's Ballot Opponents of the measure claimed typos made the qualifying petitions incomprehensible, but the state's highest court rejected that argument.",michigan supreme court revives abortion rights amendment for novembers ballot opponents of the measure claimed typos made the qualifying petitions incomprehensible but the states highest court rejected that argument
"Portland Residents With Disabilities Sue Over City's Blocked Sidewalks The lawsuit says allowing homeless people’s tents to block city sidewalks makes it difficult for people using wheelchairs, walkers or canes to use them.",portland residents with disabilities sue over citys blocked sidewalks the lawsuit says allowing homeless peoples tents to block city sidewalks makes it difficult for people using wheelchairs walkers or canes to use them
At Least 32 Dead In Fire At Karaoke Parlor In South Vietnam The fire in Thuan An city began late Tuesday and trapped both workers and customers inside the multi-story venue.,at least  dead in fire at karaoke parlor in south vietnam the fire in thuan an city began late tuesday and trapped both workers and customers inside the multistory venue
"Baseball Players Union Joins AFL-CIO In Show Of Solidarity With Other Workers The MLB Players Association will finally be a member of the AFL-CIO, affiliating with 57 other unions across industries.",baseball players union joins aflcio in show of solidarity with other workers the mlb players association will finally be a member of the aflcio affiliating with  other unions across industries
"Muslims Only Make Up 1% Of Characters On TV, Study Finds In most of the 200 scripted shows that researchers analyzed, Muslim characters were typically violent, dehumanized or disparaged — if they existed at all.",muslims only make up  of characters on tv study finds in most of the  scripted shows that researchers analyzed muslim characters were typically violent dehumanized or disparaged  if they existed at all
"The Unemployment Insurance System Is Not Ready For The Next Recession States are cutting back, and Congress is unlikely to step in even after the pandemic exposed the unemployment system's shortcomings.",the unemployment insurance system is not ready for the next recession states are cutting back and congress is unlikely to step in even after the pandemic exposed the unemployment systems shortcomings
"Power Outage At Austin Airport Leads To Flight Delays, Traffic Jams Airport officials in Austin, Texas, say an early morning power outage is causing flight delays even as electricity has been restored.",power outage at austin airport leads to flight delays traffic jams airport officials in austin texas say an early morning power outage is causing flight delays even as electricity has been restored
"Shelling Goes On Near Ukraine Nuclear Plant, Despite Risks The head of the International Atomic Energy Agency warned the U.N. Security Council  that “something very, very catastrophic could take place” at Zaporizhzhia.",shelling goes on near ukraine nuclear plant despite risks the head of the international atomic energy agency warned the un security council  that something very very catastrophic could take place at zaporizhzhia
"Cyberattack Prompts Los Angeles School District To Shut Down Its Computer Systems Such attacks have become a growing threat to U.S. schools, with several high-profile incidents reported since last year.",cyberattack prompts los angeles school district to shut down its computer systems such attacks have become a growing threat to us schools with several highprofile incidents reported since last year
Fast-Moving Fairview Fire Kills At Least 2 In California A second fire killed two people in Northern California this weekend.,fastmoving fairview fire kills at least  in california a second fire killed two people in northern california this weekend
"Kody Clemens Strikes Out MVP Shohei Ohtani, Trails Dad Roger By 4,671 Ks The Detroit Tigers' rookie utility player got pressed into relief-pitching duty in a 10-0 loss to the Angels.",kody clemens strikes out mvp shohei ohtani trails dad roger by  ks the detroit tigers rookie utility player got pressed into reliefpitching duty in a  loss to the angels
"Mississippi Governor Says Water Pressure Is Now 'Solid' In Jackson The city remains under a boil water notice, which first went into effect on July 30.",mississippi governor says water pressure is now solid in jackson the city remains under a boil water notice which first went into effect on july 
"Meta, Parent Company Of Instagram, Fined $400 Million By Irish Regulators The social media giant was fined for violations of data privacy laws related to information about children on Instagram.",meta parent company of instagram fined  million by irish regulators the social media giant was fined for violations of data privacy laws related to information about children on instagram
School Starts Today For Survivors Of Deadly Mass Shooting In Uvalde There is new high fencing around the Texas community's public schools that still isn't finished and a heavy police patrol that many families don't trust.,school starts today for survivors of deadly mass shooting in uvalde there is new high fencing around the texas communitys public schools that still isnt finished and a heavy police patrol that many families dont trust
